Product Name,Price (USD),Image URL,Product Link
Pullover Round Neck Long Sleeves Bottoming Shirt Women's Casual All-matching,3.35,https://oss-cf.cjdropshipping.com/product/2025/08/28/05/3a6094f1-ead2-428b-a3dd-44a0be5642b2.jpg,https://cjdropshipping.com/product/pullover-round-neck-long-sleeves-bottoming-shirt-womens-casual-all-matching-p-2508280512271605900.html
Red Match Day Rugby Football Graphic Thermal Knitting Top,7.03,https://oss-cf.cjdropshipping.com/product/2025/08/28/03/388a8ac3-17f4-49a2-a3c3-0b03b86c0610.jpg,https://cjdropshipping.com/product/red-match-day-rugby-football-graphic-thermal-knitting-top-p-2508280329391612100.html
Brown Bleached Halloween Pumpkin Leopard Print Sweatshirt,6.80-7.43,https://oss-cf.cjdropshipping.com/product/2025/08/28/03/2b06c779-10af-4081-b510-ca72dc3472b7.jpg,https://cjdropshipping.com/product/brown-bleached-halloween-pumpkin-leopard-print-sweatshirt-p-2508280315501615600.html
Black Metallic Glitter Mesh Long Sleeve Top,3.90,https://oss-cf.cjdropshipping.com/product/2025/08/28/02/a5d2d138-5058-4827-a920-c7af974ba419.jpg,https://cjdropshipping.com/product/black-metallic-glitter-mesh-long-sleeve-top-p-2508280302501626100.html
Rainbow Striped Pullover Casual Loose Long Sleeve Sweatershirt,10.57,https://cf.cjdropshipping.com/quick/product/8d0c36be-a4bb-4e63-b6eb-8b867191d319.jpg,https://cjdropshipping.com/product/rainbow-striped-pullover-casual-loose-long-sleeve-sweatershirt-p-2508280222101602400.html
Casual Loose Flared Draping Mopping Pants,6.30,https://cf.cjdropshipping.com/quick/product/6bc90c5c-9f61-4b86-8297-58d3519b28f9.jpg,https://cjdropshipping.com/product/casual-loose-flared-draping-mopping-pants-p-2508271542011620000.html
All-matching Girl's Casual Straight-leg Pants,8.98,https://cf.cjdropshipping.com/quick/product/fc3369e7-0fa7-4fd4-9c66-949db2e6d61c.jpg,https://cjdropshipping.com/product/all-matching-girls-casual-straight-leg-pants-p-2508271536291627100.html
Women's High Waist 3D Printed Bootcut Trousers Yoga Pants Casual Pants,5.07,https://oss-cf.cjdropshipping.com/product/2025/08/27/14/fbed1034-dabd-48ba-b13d-908028db57e6.jpg,https://cjdropshipping.com/product/womens-high-waist-3d-printed-bootcut-trousers-yoga-pants-casual-pants-p-2508271452041602300.html
Retro High Elastic Tights Hip Lifting Yoga Trousers,2.62-3.10,https://cf.cjdropshipping.com/quick/product/86083826-f1c2-44b6-a8e2-bd5077978be0.jpg,https://cjdropshipping.com/product/retro-high-elastic-tights-hip-lifting-yoga-trousers-p-2508271448081613900.html
Autumn And Winter Fleece-lined Warm Women Bathrobe,7.96,https://cf.cjdropshipping.com/quick/product/1ec00269-49e2-4d4f-a96a-1423e4583a63.jpg,https://cjdropshipping.com/product/autumn-and-winter-fleece-lined-warm-women-bathrobe-p-2508271110021613700.html
Women's Flannel Casual Wear Pajamas,7.96,https://cf.cjdropshipping.com/quick/product/08f58e24-3a5a-471f-a6a6-559ae04d18a2.jpg,https://cjdropshipping.com/product/womens-flannel-casual-wear-pajamas-p-2508271102281620500.html
Robe Leopard Flannel Cardigan Ladies Home Lace Bathrobe,7.56-9.62,https://cf.cjdropshipping.com/quick/product/3579f8cf-1384-495f-83e0-53f8f341fdc0.jpg,https://cjdropshipping.com/product/robe-leopard-flannel-cardigan-ladies-home-lace-bathrobe-p-2508271053201629900.html
Long Sleeve Spring And Autumn Summer Collarless Cotton Homewear Suit,9.29,https://cf.cjdropshipping.com/quick/product/41d525bc-b457-496a-b37c-b4c0a395bef1.jpg,https://cjdropshipping.com/product/long-sleeve-spring-and-autumn-summer-collarless-cotton-homewear-suit-p-2508270727481613700.html
Women's Casual Elegant T-shirt With Formal Texture,6.21-7.02,https://oss-cf.cjdropshipping.com/product/2025/08/27/06/5d1e0ac1-5b0b-418c-b1b8-d622fe3260fb_fine.jpeg,https://cjdropshipping.com/product/womens-casual-elegant-t-shirt-with-formal-texture-p-2508270617361609500.html
Floral Sexy See-through Embroidery Steel Ring Gathered Bra Set,4.34,https://cf.cjdropshipping.com/quick/product/4b869229-57dd-4985-b571-2a44c699658a.jpg,https://cjdropshipping.com/product/floral-sexy-see-through-embroidery-steel-ring-gathered-bra-set-p-2508270613311618600.html
Ice Silk Thin Summer Long-sleeve T-shirt For Women,4.02,https://cf.cjdropshipping.com/quick/product/9cf47a13-4913-45a3-a70b-e0230bdc8381.jpg,https://cjdropshipping.com/product/ice-silk-thin-summer-long-sleeve-t-shirt-for-women-p-2508270544431623900.html
Thickened Personality Embroidery Embroidery Long Sleeve,4.36,https://cf.cjdropshipping.com/quick/product/00c48b9e-9e3c-4522-a4fe-36d04c4da0cb.jpg,https://cjdropshipping.com/product/thickened-personality-embroidery-embroidery-long-sleeve-p-2508270541361602900.html
Women's Half-zip Hooded Sweater Regular Sleeve,11.48,https://cf.cjdropshipping.com/quick/product/83558ace-6375-4fa6-871f-fb4a638e098d.jpg,https://cjdropshipping.com/product/womens-half-zip-hooded-sweater-regular-sleeve-p-2508270450361606000.html
Air-conditioned Room Shawl Shoulder Neck Protection Fake Collar Skirt,2.79,https://cf.cjdropshipping.com/quick/product/d261cc75-4047-4d38-9c3d-6466a1479111.jpg,https://cjdropshipping.com/product/air-conditioned-room-shawl-shoulder-neck-protection-fake-collar-skirt-p-2508270327201620200.html
Knitted Shawl Matching Shirt Skirt Outer T-shirt Small Waistcoat,2.27,https://cf.cjdropshipping.com/quick/product/106b2bc9-81e7-467b-a50d-0c929db8c624.jpg,https://cjdropshipping.com/product/knitted-shawl-matching-shirt-skirt-outer-t-shirt-small-waistcoat-p-2508270324461608100.html
Women's Outer Wear High-grade Matching Shirt Knitted Scarf,2.90,https://cf.cjdropshipping.com/quick/product/9ba5d0ef-d401-416c-a7cf-4e1ed7dfad78.jpg,https://cjdropshipping.com/product/womens-outer-wear-high-grade-matching-shirt-knitted-scarf-p-2508270321311605800.html
Scarf Matching Shirt Color Matching Classic Style Outer Wear Small Waistcoat,2.63,https://cf.cjdropshipping.com/quick/product/1bf1c61d-d394-4e4c-88cb-8474a61c8872.jpg,https://cjdropshipping.com/product/scarf-matching-shirt-color-matching-classic-style-outer-wear-small-waistcoat-p-2508270318421613300.html
Round Neck Long Sleeve Pullover Loose And Lazy Style Sweater,6.30-6.47,https://cf.cjdropshipping.com/quick/product/e1f8bf64-48b8-4747-9dee-59ae9cb86f0a.jpg,https://cjdropshipping.com/product/round-neck-long-sleeve-pullover-loose-and-lazy-style-sweater-p-2508270244311620600.html
Europe And America Cross Border Yoga Vest Women's Rib Running With Chest Pad Tight Fitness,4.86,https://oss-cf.cjdropshipping.com/product/2025/08/26/12/fccbba85-cf72-44cd-aaa3-54b5e04f5865_trans.jpeg,https://cjdropshipping.com/product/europe-and-america-cross-border-yoga-vest-womens-rib-running-with-chest-pad-tight-fitness-p-2508261222411606600.html
Autumn Winter Robe Women's Flannel Thickened Warm Hooded Bathrobe Coral Fleece Fleece-lined,7.96,https://cf.cjdropshipping.com/quick/product/8a7b0759-715f-4d9d-ae38-a91eacfed700.jpg,https://cjdropshipping.com/product/autumn-winter-robe-womens-flannel-thickened-warm-hooded-bathrobe-coral-fleece-fleece-lined-p-2508261148311604600.html
Bathrobe Night-robe Love Flannel Sweet Cute,7.96,https://oss-cf.cjdropshipping.com/product/2025/08/26/09/ca74c4ec-98d0-465c-8402-26f30c601789.jpg,https://cjdropshipping.com/product/bathrobe-night-robe-love-flannel-sweet-cute-p-2508261001031628400.html
Western Style All-matching Gradient Color Talma Vintage Tassel Scarf,5.03,https://cf.cjdropshipping.com/quick/product/ab83dbc3-6e4d-4d98-bc49-caaded28f0ff.jpg,https://cjdropshipping.com/product/western-style-all-matching-gradient-color-talma-vintage-tassel-scarf-p-2508260823221615300.html
Retro Han Chinese Clothing High-grade Long Wool Cloak,9.62,https://cf.cjdropshipping.com/quick/product/3be71e0e-2d8d-4384-9c45-1394c493a3c9.jpg,https://cjdropshipping.com/product/retro-han-chinese-clothing-high-grade-long-wool-cloak-p-2508260245161622300.html
Women's Ice Silk Seamless Solid Color Anti-embarrassment Line Underwear,1.52-7.60,https://oss-cf.cjdropshipping.com/product/2025/08/26/02/aecb96bc-a02d-420b-be74-375f29885ef7_fine.jpeg,https://cjdropshipping.com/product/womens-ice-silk-seamless-solid-color-anti-embarrassment-line-underwear-p-2508260239211618100.html
European And American Plus Size Women's Clothes New Tassel Hollow Crocheted Vest,4.53,https://oss-cf.cjdropshipping.com/product/2025/08/25/08/b39c14ac-9c64-4fcc-9a6b-c7bde600b1f8.jpg,https://cjdropshipping.com/product/european-and-american-plus-size-womens-clothes-new-tassel-hollow-crocheted-vest-p-2508250826391624200.html
Sexy Lingerie Match Sets See-through Sexy Lingerie For Women,5.51,https://cf.cjdropshipping.com/quick/product/b41b3f20-3a25-4aa9-984e-2a584d065a86.jpg,https://cjdropshipping.com/product/sexy-lingerie-match-sets-see-through-sexy-lingerie-for-women-p-2508250719501626900.html
Pure Wool European And American Fashionable Ultra Wide Brim Wool Woolen Hat,26.20,https://oss-cf.cjdropshipping.com/product/2025/08/25/06/f3b9f774-ad74-4484-a520-862a6917a788_fine.jpeg,https://cjdropshipping.com/product/pure-wool-european-and-american-fashionable-ultra-wide-brim-wool-woolen-hat-p-2508250654031626600.html
Belly Contracting Hip Lift Body Shaping Jumpsuit,9.95,https://oss-cf.cjdropshipping.com/product/2025/08/25/05/cbf0e8f1-7785-4e17-9345-1ed513d8d3f2_fine.jpeg,https://cjdropshipping.com/product/belly-contracting-hip-lift-body-shaping-jumpsuit-p-2508250524511628100.html
Autumn And Winter Solid Color Puff Short Hood Loose Cotton Padded Jacket,6.62,https://cf.cjdropshipping.com/quick/product/0cd62f6c-7870-4691-9fb8-79a5b973482a.jpg,https://cjdropshipping.com/product/autumn-and-winter-solid-color-puff-short-hood-loose-cotton-padded-jacket-p-2508230708151623400.html
Fashion Shawl All-match Solid Color Scarf,2.19-2.85,https://cf.cjdropshipping.com/quick/product/b68f9223-8321-43f1-8630-82a4f147d9f9.jpg,https://cjdropshipping.com/product/fashion-shawl-all-match-solid-color-scarf-p-2508221237331612500.html
Autumn And Winter Solid Color All-match Warm Scarf,4.86,https://cf.cjdropshipping.com/quick/product/765ed0ad-b9e7-4418-a886-5438c33deed8.jpg,https://cjdropshipping.com/product/autumn-and-winter-solid-color-all-match-warm-scarf-p-2508221234211623300.html
Zipper Chenille Cotton Men's And Women's Coats,8.29,https://cf.cjdropshipping.com/quick/product/0fa08d8e-8bde-4a7c-bf6a-55fc716c6d1c.jpg,https://cjdropshipping.com/product/zipper-chenille-cotton-mens-and-womens-coats-p-2508220256081619400.html
Winter High Neck Batwing Sleeve Coat With Belt Fashion Loose Elegant Button Top Trench Coat For Women Clothing,7.46-9.95,https://cf.cjdropshipping.com/quick/product/b1b675b6-6878-4c7e-93f6-424f09a26953.jpg,https://cjdropshipping.com/product/winter-high-neck-batwing-sleeve-coat-with-belt-fashion-loose-elegant-button-top-trench-coat-for-women-clothing-p-2508210834381609100.html
Contrast Color Brushed Yoga Trousers Fold High Waist,7.78,https://cf.cjdropshipping.com/quick/product/6390084d-a984-4927-8b83-c68b76d36b30.jpg,https://cjdropshipping.com/product/contrast-color-brushed-yoga-trousers-fold-high-waist-p-2508200816031601800.html
Contrast Color High Waist Outdoor Running Workout Shorts,5.62,https://oss-cf.cjdropshipping.com/product/2025/08/19/12/5f3e49e5-61c2-4696-99ce-37f360cfaf8b.jpg,https://cjdropshipping.com/product/contrast-color-high-waist-outdoor-running-workout-shorts-p-2508191255071616200.html
Mid-length Slim-fit Women's Fleece-lined Cotton-padded Cotton-padded,12.43,https://cf.cjdropshipping.com/quick/product/0e6c4a46-9476-46b9-85f7-b4c4643aa706.jpg,https://cjdropshipping.com/product/mid-length-slim-fit-womens-fleece-lined-cotton-padded-cotton-padded-p-2508190529111615900.html
Slimming Sports Casual Fashion Slimming Trousers,36.48,https://cf.cjdropshipping.com/quick/product/386ca005-2a20-402e-a485-a4dee71cdc57.jpg,https://cjdropshipping.com/product/slimming-sports-casual-fashion-slimming-trousers-p-2508190344421622500.html
Winter Ribbed Knit Suits Fashion Loose Pullover Sweater Top And Drawstring Pants For Women Trouser Set Clothing,11.28,https://oss-cf.cjdropshipping.com/product/2025/09/15/08/86b4b414-e8a2-48ab-8416-996819b89319.jpg,https://cjdropshipping.com/product/winter-ribbed-knit-suits-fashion-loose-pullover-sweater-top-and-drawstring-pants-for-women-trouser-set-clothing-p-2508190135351608900.html
Summer New Sweet V-neck Hollow High Waist Slimming A- Line Dress,13.10,https://cf.cjdropshipping.com/quick/product/0f769576-b2b8-47ce-a5d7-346d4e416bdf.jpg,https://cjdropshipping.com/product/summer-new-sweet--v-neck-hollow-high-waist-slimming-a--line-dress-p-2508180727021606100.html
Beauty Feather Print Shirt Dress Mid Waist,38.14,https://oss-cf.cjdropshipping.com/product/2025/08/18/08/d3f8838a-026f-421f-99d3-fd61887d7006_fine.jpeg,https://cjdropshipping.com/product/beauty-feather-print-shirt-dress-mid-waist-p-2508180659291625000.html
Women's Vintage Oil Painting Floral Art Contrast Color Linen Sleeveless Dress,5.31,https://oss-cf.cjdropshipping.com/product/2025/08/18/06/44984a79-48ad-441d-8035-28af6632da15.jpg,https://cjdropshipping.com/product/womens-vintage-oil-painting-floral-art-contrast-color-linen-sleeveless-dress-p-2508180656261612100.html
Sports Yoga Halterneck T-shirt Shorts Women's Two-piece Suit,6.30,https://cf.cjdropshipping.com/quick/product/39837f8b-ee1d-4448-93ec-e1460923fd00.jpg,https://cjdropshipping.com/product/sports-yoga-halterneck-t-shirt-shorts-womens-two-piece-suit-p-2508180313001602400.html
European And American Sports Back Shaping Yoga Jumpsuit Skinny Peach Hip,6.30,https://cf.cjdropshipping.com/quick/product/7c6e42f0-8af5-4f46-aa1c-0111e1972083.jpg,https://cjdropshipping.com/product/european-and-american-sports-back-shaping-yoga-jumpsuit-skinny-peach-hip-p-2508170607011610500.html
Women's Large Chest Seamless Underwear Thin And Comfortable Breathable Jelly Stick,4.70,https://cf.cjdropshipping.com/quick/product/9c7b0936-b069-4071-a979-7d42475316a9.jpg,https://cjdropshipping.com/product/womens-large-chest-seamless-underwear-thin-and-comfortable-breathable-jelly-stick-p-2508170550581605900.html
Warm Fur Collar Cardigan Mid-length Loose Thick Coat Dress And Cheongsam All-match Hooded Fur Shawl,15.26,https://cf.cjdropshipping.com/quick/product/df2489e7-4912-46a3-bdb8-31a66ff39397.jpg,https://cjdropshipping.com/product/warm-fur-collar-cardigan-mid-length-loose-thick-coat-dress-and-cheongsam-all-match-hooded-fur-shawl-p-2508170339411603300.html
Solid Color Casual Women's High Waist Yoga Bootcut Trousers,4.01,https://oss-cf.cjdropshipping.com/product/2025/08/17/03/2b8a52cc-e71d-4bbb-a536-f237d4175a99_trans.jpeg,https://cjdropshipping.com/product/solid-color-casual-womens-high-waist-yoga-bootcut-trousers-p-2508170303001601200.html
Outwear Amazon Sports Fitness Short Shorts,1.65,https://cf.cjdropshipping.com/quick/product/3a87b7d5-9697-4bb2-b3b9-a7c9557284a4.jpg,https://cjdropshipping.com/product/outwear-amazon-sports-fitness-short-shorts-p-2508161106191601600.html
V-neck Pullover Shirt Fashion Casual Long-sleeved Top Women's Clothing,3.10-4.19,https://cf.cjdropshipping.com/quick/product/eae38c21-17ff-4a92-b25b-7d631929d760.jpg,https://cjdropshipping.com/product/v-neck-pullover-shirt-fashion-casual-long-sleeved-top-womens-clothing-p-2508150817071609800.html
Sweet Loving Heart Embroidery Woolen Cap Children,1.90,https://oss-cf.cjdropshipping.com/product/2025/08/15/03/ac906f94-5972-4cf9-a473-99f841bd0ece_fine.jpeg,https://cjdropshipping.com/product/sweet-loving-heart-embroidery-woolen-cap-children-p-2508150232081602800.html
Retro Straight Jeans Loose High Waist Slimming,5.80,https://oss-cf.cjdropshipping.com/product/2025/08/15/01/8ca5630b-20c3-4d99-b85c-e9cf8b621d0d.jpg,https://cjdropshipping.com/product/retro-straight-jeans-loose-high-waist-slimming-p-2508150114571612900.html
Temperament High Waist Long Wide Leg Jeans For Women,7.46,https://cf.cjdropshipping.com/quick/product/a4a49288-2f61-4142-8a4e-5a6228b4b3af.jpg,https://cjdropshipping.com/product/temperament-high-waist-long-wide-leg-jeans-for-women-p-2508141438271626700.html
Romantic White Polka Dot Ribbon Mesh Camisole Skirt,17.91,https://oss-cf.cjdropshipping.com/product/2025/08/14/10/d2b7d3a0-5935-49e8-a5cb-5a1d226abffc_fine.jpeg,https://cjdropshipping.com/product/romantic-white-polka-dot-ribbon-mesh-camisole-skirt-p-2508141009461605600.html
Men's And Women's Stylish Adjustable Elastic Headdress,4.18,https://cf.cjdropshipping.com/quick/product/76a5835f-5508-45cb-966b-afcd69d704be.jpg,https://cjdropshipping.com/product/mens-and-womens-stylish-adjustable-elastic-headdress-p-2508140936271626100.html
Black Wide Leg Multi-pocket Comfortable Trousers,5.00-6.50,https://cf.cjdropshipping.com/quick/product/c023561a-9339-4222-ae70-86e8f865811c.jpg,https://cjdropshipping.com/product/black-wide-leg-multi-pocket-comfortable-trousers-p-2508140755251604800.html
Hand-damaged Worn Looking Washed-out Hat,33.00,https://oss-cf.cjdropshipping.com/product/2025/08/14/06/0fca9356-6138-406b-b52f-e9185e31caa2.jpg,https://cjdropshipping.com/product/hand-damaged-worn-looking-washed-out-hat-p-2508140649031624100.html
